{
  "IcoMoonType": "selection",
  "icons": [
    {
      "icon": {
        "paths": [
          "M698.901 597.333h-33.707l-11.947-11.52c41.813-48.64 66.987-111.787 66.987-180.48 0-153.173-124.16-277.333-277.333-277.333s-277.334 124.16-277.334 277.333c0 153.173 124.16 277.333 277.334 277.333 68.693 0 131.84-25.173 180.48-66.987l11.52 11.947v33.707l213.333 212.907 63.573-63.573-212.907-213.333zM442.901 597.333c-106.24 0-192-85.76-192-192s85.76-192 192-192c106.24 0 192 85.76 192 192s-85.76 192-192 192z"
        ],
        "attrs": [
          {
            "fill": "rgb(255, 255, 255)"
          }
        ],
        "width": 1067,
        "isMulticolor": false,
        "isMulticolor2": false,
        "grid": 0,
        "tags": [
          "search"
        ]
      },
      "attrs": [
        {
          "fill": "rgb(255, 255, 255)"
        }
      ],
      "properties": {
        "order": 68,
        "id": 0,
        "name": "lupa",
        "prevSize": 32
      },
      "setIdx": 0,
      "setId": 12,
      "iconIdx": 0
    }
  ],
  "height": 1024,
  "preferences": {
    "showGlyphs": true,
    "showQuickUse": true,
    "showQuickUse2": true,
    "showSVGs": true,
    "fontPref": {
      "prefix": "icon-",
      "metadata": {
        "fontFamily": "icomoon"
      },
      "metrics": {
        "emSize": 1024,
        "baseline": 6.25,
        "whitespace": 50
      },
      "embed": false
    },
    "imagePref": {
      "prefix": "icon-",
      "png": true,
      "useClassSelector": true,
      "color": 0,
      "bgColor": 16777215,
      "classSelector": ".icon",
      "name": "icomoon"
    },
    "historySize": 50,
    "showCodes": true,
    "gridSize": 16
  }
}